description_id,description_thai,description_eng
SU101,ความซาบซึ้งในคุณค่าและความงามของธรรมชาติ งานสร้างสรรค์ทางศิลปะ ทัศนศิลป์ ศิลปะการแสดง ศิลปหัตถกรรม ดนตรี งานออกแบบ และสถาปัตยกรรม ทั้งของไทยและต่างประเทศ และความเชื่อมโยงทางสุนทรียศาสตร์,"Appreciation of the value and beauty of nature, creative arts, visual arts, performing arts, handicraft arts, music, design and architecture of Thailand and foreign countries, and aesthetic connections."
SU102,การบูรณาการการเรียนรู้ ผ่านการจัดการเรียนการสอนแบบโครงการด้วยกิจกรรมสร้างสรรค์ การพัฒนาทักษะการเป็นผู้นำและการเป็นผู้ตามที่ดี ทักษะการติดต่อสื่อสาร ทักษะการเรียนรู้และการทำงานอย่างสร้างสรรค์ ความรับผิดชอบต่อชุมชนและสังคมของนักศึกษา การปลูกฝังเอกลักษณ์และวัฒนธรรมของมหาวิทยาลัยศิลปากรให้กับนักศึกษา โครงการสร้างสรรค์ในประเด็นที่สนใจภายใต้การดูแลของอาจารย์ที่ปรึกษาเพื่อให้เกิดการรับรู้หรือการเปลี่ยนแปลง,"Integration of project-based learning focusing on creative activities; development of the skills of leadership, teamwork, communication, creative learning and working, students’ community and social responsibilities; instilling Silpakorn University identity and culture; creative projects on issues of interest under the advisors’ supervision to enhance recognition or encourage changes."
SU201,การพัฒนาทักษะการฟัง การพูด การอ่าน และการเขียนภาษาอังกฤษเพื่อการสื่อสารในชีวิตประจำวัน การใช้ภาษาอังกฤษเป็นเครื่องมือในการเรียนรู้ด้วยตนเองในยุคดิจิทัล,"Developing English listening, speaking, reading, and writing skills for everyday communication; using English as a tool for self-directed learning in the digital era."
SU202,การพัฒนาทักษะภาษาอังกฤษ การเพิ่มพูนความรู้ภาษาอังกฤษ การใช้ภาษาอังกฤษตามวัตถุประสงค์ การใช้ภาษาอังกฤษเป็นเครื่องมือสื่อสารในบริบทนานาชาติและวัฒนธรรมภาษาอันหลากหลาย,Developing English skills; improving knowledge of English; using English for different purposes; using English as a tool for communication in international and culturally and linguistically diverse contexts.
SU203,หลักการสื่อสาร การสื่อสารด้วยวจนภาษาและอวจนภาษา ทักษะการสื่อสารอย่างสร้างสรรค์และมีประสิทธิภาพในแวดวงที่หลากหลาย การสื่อสารข้ามวัฒนธรรม การสื่อสารผ่านสื่อสังคมออนไลน์ การรู้เท่าทันดิจิทัล,Principles of communication; verbal and non-verbal communication; creative and effective communication skills in various fields; cross-cultural communication; social media communication; digital literacy.
SU301,ความเป็นพลเมือง การรู้เท่าทันการเปลี่ยนแปลงของสังคมไทย สังคมโลก และสังคมออนไลน์ ความรับผิดชอบต่อสังคม การต่อต้านการทุจริต การมีส่วนร่วมกับชุมชน และจิตสาธารณะ,"Citizenship; awareness of changes in Thai society, global society and online society; social responsibility; anti-corruption; community engagement; public spirit."
SU401,ทักษะที่จำเป็นในการเป็นผู้ประกอบการ ความตระหนักถึงทักษะทางกฎหมาย ธุรกิจการบริหารจัดการ ความคิดสร้างสรรค์ การวิเคราะห์ และการมีปฏิสัมพันธ์ระหว่างบุคคลที่เกี่ยวข้องกับการจัดตั้งและดำเนินธุรกิจใหม่,"Essential skills for entrepreneurs; awareness of the legal, business, managerial, creative, analytical and interpersonal skills relevant to starting and running a new venture."
SU402,แนวคิด หลักการสร้างนวัตกรรมผ่านกระบวนการคิดเชิงออกแบบตามขั้นตอน การทำความเข้าใจปัญหา การระดมความคิดเห็น การเรียนรู้ผ่านการทดลองปฏิบัติและเผยแพร่อย่างสร้างสรรค์,Concepts and principles of innovation creation through the design thinking process; understanding challenges; brainstorming; learning through practice and creative publicization.
511100,สมบัติของจำนวนจริง ค่าสัมบูรณ์ อัตราส่วน ร้อยละ การเทียบบัญญัติไตรยางศ์ พหุนาม เศษส่วนของพหุนาม การแก้สมการและอสมการพหุนาม ระบบสมการเชิงเส้น ฟังก์ชัน ฟังก์ชันผกผัน ฟังก์ชันเชิงกำลัง ฟังก์ชันลอการิทึม กราฟของฟังก์ชันพื้นฐาน ทฤษฎีบทพีทาโกรัส ฟังก์ชันตรีโกณิติ,Properties of real numbers. Absolute values. Ratios. Percents. Rule of three. Polynomials. Polynomial fractions. Solving polynomial equations. Solving polynomial inequalities. Systems of linear equations. Functions. Inverse functions. Exponential functions. Logarithm functions. Graphs. Pythagoras’ theorem. Trigonometric functions.
511108,ลิมิตและความต่อเนื่อง การหาอนุพันธ์และการประยุกต์ ลำดับและอนุกรมอนันต์ อนุกรมเทย์เลอร์และอนุกรมแมคคลอริน,Limits and continuity. Differentiation and applications. Infinite sequences and series. Taylor and Maclaurin series.
511110,ลิมิตและความต่อเนื่อง อนุพันธ์และการประยุกต์ ปริพันธ์ไม่จำกัดเขตและปริพันธ์จำกัดเขตและการประยุกต์ การหาอนุพันธ์และการหาปริพันธ์ของฟังก์ชันอดิศัย ปริพันธ์ไม่ตรงแบบ ลำดับและอนุกรมอนันต์ อนุกรมกำลัง อนุกรมเทย์เลอร์และอนุกรมแมคคลอริน,Limits and continuity. Derivatives and applications. Indefinite and definite integrals and applications. Differentiation and integration of transcendental functions. Improper integral. Infinite sequences and series. Power series. Taylor and Maclaurin series.
511111,เวกเตอร์ เส้นตรง ระนาบและพื้นผิวในปริภูมิ 3 มิติ แคลคูลัสของฟังก์ชันค่าเวกเตอร์ของหนึ่งตัวแปรและการประยุกต์ ฟังก์ชันหลายตัวแปร อนุพันธ์ย่อย ค่าสูงสุดและต่ำสุดของฟังก์ชันหลายตัวแปรและการประยุกต์ ปริพันธ์หลายชั้นและการประยุกต์,Vectors lines planes and surfaces in three dimensional space. Calculus of vector-valued functions of one variable and applications. Multivariable function. Partial derivatives. Maxima and minima of multiple functions and applications.  Multiple integrals and applications.
511244,เวกเตอร์และเมทริกซ์ ระบบสมการเชิงเส้น ปริภูมิเวกเตอร์ ภาวะเชิงตั้งฉาก ดีเทอร์มิแนนต์ ค่าเฉพาะและเวกเตอร์เฉพาะ การแปลงเชิงเส้น การแยกค่าเอกฐาน การวิเคราะห์องค์ประกอบหลักและการประยุกต์ทางวิทยาการข้อมูล,Vectors and matrices. Systems of linear equations. Vector spaces. Orthogonality. Determinants. Eigenvalues and Eigenvectors. Linear transformations. Singular value decomposition. Principal component analysis and its applications in data science.
511246,เวกเตอร์และเมทริกซ์ ระบบสมการเชิงเส้น ปริภูมิเวกเตอร์ ภาวะเชิงตั้งฉาก ดีเทอร์มิแนนต์ ค่าลักษณะเฉพาะและเวกเตอร์ลักษณะเฉพาะ การแยกค่าเอกฐาน การแปลงเชิงเส้น การประยุกต์,Vectors and matrices. Systems of linear equations. Vector spaces. Orthogonality. Determinants. Eigenvalues and Eigenvectors. The singular value decomposition. Linear transformations. Applications.
514231,ปริมาณทางกายภาพและระบบหน่วย วิธีรวบรวมข้อมูลทางกายภาพ การวิเคราะห์และ การแปลความหมายข้อมูลทางกายภาพ การนำเสนอการจัดการข้อมูล,Physical quantity and system of unit. Methods of physical data collection. Analysis and interpretation of physical data. Presentation of data manipulation.
515104,ความหมายและประเภทของสถิติ การเก็บรวบรวมข้อมูล ข้อมูลและระดับการวัด สถิติพรรณนา การนำเสนอข้อมูล ความน่าจะเป็น ตัวแปรสุ่ม การแจกแจกจ่ายขาย,"Definition and types of statistics. Data collection. Data and level of measurements. Descriptive statistics. Data representation. Probability. Random variable. Binomial distribution, Poisson distribution, Normal distribution and Exponential distribution. Sampling distribution. Parameter estimation and confidence intervals. Hypothesis testing. Nonparametric statistics. Simple regression and correlation. Analysis of variance. Application of statistics for data processing in science, business, and information technology. Utilization of programming language for analysis and interpretation."
515232,แนวความคิดพื้นฐานของความน่าจะเป็น ความน่าจะเป็นแบบมีเงื่อนไขและความเป็นอิสระกันของเหตุการณ์ ทฤษฎีเบส์ ตัวแปรสุ่มและการแจกแจงความน่าจะเป็น ค่าคาดหมาย การแจกแจงความน่าจะเป็นร่วม ความเป็นอิสระกันของตัวแปรสุ่ม อสมการความน่าจะเป็น การลู่เข้าของลำดับของตัวแปรสุ่ม กฎจำนวนมาก การประยุกต์ใช้โปรแกรมสำเร็จรูปในการวิเคราะห์,Basic concepts of probability. Conditional probability and independent of events. Bayes’s theorem. Random variables and probability distribution. Expectations. Joint probability distribution. Independence of random variables. Probability inequalities. Convergence of sequence of random variables. Law of large numbers. Central limit theorem.
515271,ปริภูมิความน่าจะเป็น ตัวแปรสุ่มและการแจกแจงความน่าจะเป็น การแปลง ค่าคาดหมายเชิงคณิตศาสตร์ โมเมนต์และฟังก์ชันก่อกำเนิดโมเมนต์ การแจกแจงแบบมีเงื่อนไข ความเป็นอิสระ ทฤษฎีบทของเบส์,Probability space. Random variables and probability distributions. Transformation. Mathematical expectation. Moment and moment generating function. Conditional distribution. Independence. Bayes’ theorem.
515273,การถดถอยเชิงเส้นพหุคูณ การถดถอยลอจิสติกทวิภาค การถดถอยหลายตัวแปร การประเมินและคัดเลือกตัวแบบ การทดสอบเชิงสถิติสำหรับเวกเตอร์ค่าเฉลี่ยและเมทริกซ์ความแปรปรวนร่วม,Multiple linear regression.  Binary logistic regression. Multivariate regression. Model evaluation and selection. Statistical tests for mean vectors and covariance matrices.
517101,การพัฒนาทักษะพื้นฐาน ทฤษฎีและโปรแกรมประยุกต์สำหรับการคิดเชิงวิพากษ์และการแก้ปัญหา ความคิดสร้างสรรค์และนวัตกรรม ความร่วมมือกันและการทำงานเป็นทีม การสื่อสาร ความรอบรู้ทางด้านข้อมูลและสื่อสำหรับความเป็นพลเมืองดิจทัล มีการศึกษานอกสถานที่,Development of basic skills. Theories and application programs for critical thinking and problem solving. Creativity and innovation. Collaboration and teamwork. Communication. Information and media literacy for digital citizenship. Field trips required.
517111,ขั้นตอนการแก้ปัญหา ผังงาน การเขียนโปรแกรมเบื้องต้น ชนิดของข้อมูล การประมวลผลข้อมูล ฟังก์ชันและไลบรารี่มาตรฐาน,Problem solving process. Flowchart. Basic programming. Data types. Data processing. Functions and standard library.
517112,ตรรกะเชิงเลขเบื้องต้น วงจรดิจิทัลและการประยุกต์ พีชคณิตแบบบูล สมการเชิงตรรกะ เทคนิคการลดรูปวงจรตรรกะ การวิเคราะห์และออกแบบวงจรเชิงผสมและเชิงลำดับ อุปกรณ์ตรรกะแบบโปรแกรมได้ การสังเคราะห์วงจรรวมด้วยภาษาอธิบายฮาร์ดแวร์เบื้องต้น,Introduction to digital logic. Digital circuits and applications. Boolean algebra. Digital logic expressions. Logic circuit minimization techniques. Analysis and design of combinational and sequential circuits. Programmable logic devices. Introduction to integrated circuit synthesis with hardware description language.
517121,ระบบคอมพิวเตอร์และการประมวลผลข้อมูลเบื้องต้น ผังงาน การเขียนโปรแกรมแบบโครงสร้าง ตัวดำเนินการทางเลขคณิตและตรรกศาสตร์ ประโยคกำหนดเงื่อนไข การวนซ้ำ การซ้อนเงื่อนไขและการซ้อนการวนซ้ำ แถวลำดับ แถวลำดับหลายมิติ ตัวชี้ สายอักขระ ฟังก์ชัน การทดสอบและการแก้ไขจุดบกพร่อง การพัฒนาโปรแกรมเพื่อใช้ในการแก้ปัญหา เทคนิคในการเขียนโปรแกรมสำหรับปัญหาที่ซับซ้อน,Introduction to computer systems and data processing. Flowchart. Structured programming. Arithmetic and logical operators. Conditional statements. Loops. Nested conditional statements and loops. Array. Multidimensional array. Pointer. String. Function. Program testing and debugging. Program development for problem solving. Programming techniques for solving complex problems.
517122,ความคิดเชิงวัตถุเบื้องต้น การห่อหุ้ม การสร้างคลาส การทำงานและการส่งสารของคลาส วัตถุ การสร้างฟังก์ชันสำหรับกำหนดค่าเริ่มต้นและสิ้นสุด การสืบทอดคุณสมบัติ การทำพหุรูป การโอเวอร์โหลดฟังก์ชันและตัวดำเนินการ ฟังก์ชันสามัญ เทคนิคการเขียนโปรแกรมสำหรับปัญหาที่ซับซ้อน,"Introduction to object concept. Encapsulation. Class, method, and message of class. Object. Constructor and destructor functions. Inheritance. Polymorphism. Function overloading and operator overloading. Generic functions. Programming techniques for solving complex problems."
517211,การแทนข้อมูลและตัวดำเนินการสำหรับโครงสร้างแบบเชิงเส้น ประกอบด้วย ลิสต์ สแตก และคิว การแทนข้อมูลและตัวดำเนินการของโครงสร้างเชิงระดับชั้นและข่ายงานประกอบด้วย ต้นไม้ และกราฟ การวัดประสิทธิภาพของขั้นตอนวิธี การเรียงลำดับและการค้นหาข้อมูล การประยุกต์ใช้เทคนิคเชิงวัตถุเพื่อการพัฒนาโครงสร้างข้อมูลไปใช้งาน,"Data representation and operators in linear structures: list, stack and queue. Data representation and operators in hierarchical and network structures: tree and graph. Measurements of algorithm efficiency. Sorting and searching algorithms. Applications of object-oriented techniques to data structure implementation."
517212,พื้นฐานคณิตศาสตร์ คอมบินาทอริกส์ ฟังก์ชันก่อกำเนิดและความสัมพันธ์เวียนเกิด กราฟและการประยุกต์ ทฤษฎีรูปต้นไม้และข่ายงาน เครื่องสถานะจำกัด,Basic Mathematics. Combinatorics. Generating functions and recurrence relations. Graphs and applications. Theory of trees and networks. Finite state machines.
517214,หลักการพื้นฐานของการแทนข้อมูล ขั้นตอนวิธีสำหรับจัดการข้อมูล แนวคิดเชิงวัตถุและการสร้างคลาส การใช้งานโครงสร้างข้อมูลพื้นฐาน: อาร์เรย์ ลิสต์ แสตก คิว แม็พ ฮีพ ตารางแฮ็ช และต้นไม้ทวิภาค  การใช้งานไลบรารี่มาตรฐานเพื่อการค้นหาและเรียงลำดับข้อมูลอย่างมีประสิทธิภาพ ตัวอย่างการใช้โครงสร้างข้อมูลในการแก้ปัญหาทางวิทยาการข้อมูล,Basic principles of data representations. Algorithms for data manipulation. Object-oriented and class construction. Usage of basic data structures: array linked list stack queue map heap hash table and binary tree. Utilization of standard libraries for efficiently searching and sorting data. Examples of using data structures to solve data science problems.
517221,กรอบความคิดการเขียนโปรแกรมเชิงวัตถุเบื้องต้น ข้อมูลนามธรรมเชิงวัตถุ การแทนค่า และการส่งข่าวสาร การห่อหุ้ม การทำพหุรูปและการสืบทอดคุณสมบัติ การวิเคราะห์และการออกแบบเชิงวัตถุ รูปแบบการออกแบบ โปรแกรมควบคุมแบบจำลองทรรศนะ โพรโทคอล การสะท้อน การยึดเหนี่ยวแบบพลวัต การโปรแกรมเชิงคุณสมบัติ,Introduction to Object-oriented programming paradigm. Object-oriented data abstraction. Representation and message communication. Encapsulation. Polymorphism and Inheritance. Object-oriented analysis and design. Design patterns. Model-view-controller. Protocols. Reflections. Dynamic bindings. Aspect-oriented programming.
517222,แบบจำลองการทำงานและส่วนประกอบของคอมพิวเตอร์ สถาปัตยกรรมแบบจัดเก็บโปรแกรม วงรอบคำสั่ง สถาปัตยกรรมชุดคำสั่ง ภาษาเครื่องและแอสเซมบลี ภาวะการกำหนดตำแหน่งที่อยู่ การออกแบบตัวประมวลผลขั้นพื้นฐานและขั้นสูง ระบบหน่วยความจำ หน่วยความจำแคช ระบบรับเข้า/แสดงผลการต่อเชื่อม การขัดจังหวะ การเข้าถึงหน่วยความจำโดยตรง หน่วยเก็บข้อมูลทุติยภูมิ ความสำคัญและกรณีศึกษาของระบบปฏิบัติการคอมพิวเตอร์,Computer models and components. Stored-program architecture. Instruction cycle. Instruction set architecture. Machine and assembly languages. Addressing modes. Basic and advanced processor designs. Memory systems. Cache memory. Input/output systems and interfacing. Interrupts. Direct memory access. Storage units. Significances and case studies of operating systems for computers.
517241,หลักการของการสื่อสารข้อมูลและมาตรฐานระบบเปิด แบบจำลองอ้างอิงโอเอสไอ การสื่อสารข้อมูลแบบแอนะล็อกและดิจิทัล สื่อนำสัญญาณและอุปกรณ์ การควบคุมในระดับ การเชื่อมโยงข้อมูล สถาปัตยกรรมเครือข่ายคอมพิวเตอร์และโพรโทคอล เครือข่ายคอมพิวเตอร์บริเวณเฉพาะที่และบริเวณกว้าง โพรโทคอลทีซีพี/ไอพีและเครือข่ายอินเทอร์เน็ต พื้นฐานเกี่ยวกับการกำหนดที่อยู่ การแบ่งเครือข่ายย่อย การอ้างชื่อและการจัดเส้นทางในเครือข่าย โปรแกรมประยุกต์ด้านเครือข่ายและบริการบนเครือข่ายอินเทอร์เน็ต พื้นฐานของการบริหารจัดการเครือข่ายคอมพิวเตอร์,"Principles of data communications and open system standards. OSI reference model. Analog and digital data communications. Transmission media and devices. Data link controls. Computer network architectures and protocols. Local area networks and wide area networks. TCP/IP protocol and the Internet. Basics of addressing, subnetting, naming, and routing. Network applications and Internet services. Fundamental of computer network management."
517242,สถาปัตยกรรมและองค์ประกอบของโปรแกรมประยุกต์บนเว็บ เทคโนโลยีและเครื่องมือที่ใช้สำหรับการสร้างโปรแกรมประยุกต์บนเว็บ การวิเคราะห์และออกแบบโปรแกรมประยุกต์บนเว็บ การจัดการสถานะด้วยคุกกี้และเซสชัน การเขียนโปรแกรมเว็บฝั่งหน้า เว็บเอพีไอ เว็บเซอร์วิส ประเภทของข้อมูลบนเว็บและการเรียกใช้ การติดต่อกับฐานข้อมูล การพัฒนาเว็บด้วยรูปแบบโมเดลวิวคอนโทรลเลอร์ เว็บเฟรมเวิร์ค การนำเว็บขึ้นใช้งานจริง,Web application architecture and components. Technology and tools for web application development. Web development analysis and design. State management using cookies and session. Web front-end programming. Web API. Web service. Types of data on the web and usage. Database connection. Web development using model-view-control. Web framework. Web deployment.
517261,ข้อมูลและสถาปัตยกรรมฐานของระบบฐานข้อมูล ระบบจัดการฐานข้อมูล แบบจำลองข้อมูล ภาษาฐานข้อมูล ระบบฐานข้อมูลเชิงสัมพันธ์ พีชคณิตเชิงสัมพันธ์ และแคลคูลัสเชิงสัมพันธ์ ภาษาสอบถามเชิงโครงสร้าง การออกแบบฐานข้อมูล เทคนิคการประยุกต์ใช้งานระบบการจัดการฐานข้อมูล ดัชนี การควบคุมการใช้งานพร้อมกัน และการประมวลผลคิวรี ทรานแซกชั่นเบื้องต้น ฐานข้อมูลเชิงไม่สัมพันธ์เบื้องต้น ความปลอดภัยของฐานข้อมูล กรณีศึกษา,"Data and architecture of database system. Database management systems. Data models. Database Languages. Relational databases. Relational algebra and Relational ca lculus. Structure query language. Database design. Implementation techniques of database management system including index, concurrency control, and query processing. Introduction to transactions. Introduction to NoSQL database. Database security. Case studies."
517311,การวิเคราะห์ความซับซ้อนของขั้นตอนวิธี วิธีการแก้สมการเวียนเกิด การออกแบบขั้นตอนวิธีแบบต่าง ๆ รวมทั้ง การแบ่งและเอาชนะ การเขียนโปรแกรมแบบพลวัต และขั้นตอนวิธีกรีดี้ โครงสร้างข้อมูลขั้นสูง ความซับซ้อนทางด้านเวลา เอ็นพีคอมพลีตเบื้องต้น ตัวอย่างที่ใช้ขั้นตอนวิธีที่กล่าวข้างต้น,"Complexity analysis of algorithms. Methods of solving recurrence equations. Various algorithm design techniques including divide and conquer, dynamic programming, and greedy algorithms. Advanced data structures. Time complexity. Introduction to NP-completeness. Practical examples that use the aforementioned algorithms."
517312,การออกแบบและการทำให้เกิดผลของระบบปฏิบัติการเบื้องต้น องค์ประกอบของระบบปฏิบัติการ การจัดการโปรเซสและเทรด การสื่อสารระหว่างโปรเซส การจัดการหน่วยความจำ การจัดการแฟ้มข้อมูลและอุปกรณ์ คอมพิวเตอร์เสมือน ความปลอดภัยในคอมพิวเตอร์ ระบบแบบกระจาย กรณีศึกษา,"Introduction to operating system design and implementation. Operating system components. Process and thread management. Inter-process communications. Memory management. File and device management. Virtual machine. Computer security, Distributed systems. Case studies."
517321,แนวคิดของภาษาโปรแกรมและกรอบแนวคิด ตัวประมวลผลภาษา วากยสัมพันธ์และความหมาย ชนิดข้อมูล การควบคุมลำดับการทำงาน การควบคุมโปรแกรมย่อย การเขียนโปรแกรมด้วยภาษาเชิงคำสั่ง ภาษาเชิงวัตถุ ภาษาเชิงฟังก์ชัน และภาษาเชิงตรรกะ การศึกษาและการเปรียบเทียบกรอบแนวคิดหลักของภาษาโปรแกรม,Concepts of programming languages and paradigms. Language processors. Syntax and semantic. Data types. Sequence control. Subprogram control. Imperative programming. Object-oriented programming. Functional programming. Logic programming. Study and comparison of major programming language paradigms.
517331,แนวคิดปัญญาประดิษฐ์เบื้องต้น ปริภูมิสถานะ วิธีการแก้ปัญหาด้วยการค้นหา ฮิวริสติกส์ การค้นหาเฉพาะที่ การค้นหาแบบปีนเขา ขั้นตอนวิธีเชิงพันธุกรรม ขั้นตอนวิธีมินิแมกซ์ การแทนความรู้และการให้เหตุผล โครงข่ายประสาทเทียม,Introduction to artificial intelligence concepts. State space. Problem solving methods by searching. Heuristics. Local Search. Hill climbing search. Genetic algorithm. Minimax algorithm. Knowledge representation and reasoning. Artificial neural network.
517392,ขั้นตอนการวิจัยเบื้องต้นและการวางแผนการวิจัย จริยธรรมการวิจัย ประเภทของการตีพิมพ์ผลงานทางวิชาการ ระบบฐานข้อมูลงานทางวิชาการ การสืบค้นและอ่านบทความวิชาการ การทบทวนวรรณกรรม การสร้างเอกสารรายงาน การอ้างอิงและบรรณานุกรม เครื่องมือที่ใช้ในการทำงานวิจัย การนำเสนอผลงานทางวิชาการ การเขียนประวัติงาน,Introduction to research procedures and research planning. Research ethics. Types of economics application. Academic research databases. Searching and reading academic publications. Literature surveys. Writing a research report. Citation and bibliography. Research tools. Academic presentations. Writing a resume.
517393,หลักการ แนวคิด และกระบวนการของสหกิจศึกษา กฎและระเบียบที่เกี่ยวข้อง กระบวนการสรรหาบุคลากรเข้าทำงาน โครงสร้างขององค์กร ตำแหน่งงานและลักษณะของงาน แหล่งจ้างงาน เทคนิคการสมัครงาน การเตรียมประวัติและเอกสารสมัครงาน การสัมภาษณ์งาน การพัฒนาบุคลิกภาพ มารยาทในที่ทำงาน จริยธรรมและกฎหมายที่เกี่ยวข้อง การทำงานเป็นทีม บทบาทและความรับผิดชอบของทีมพัฒนาซอฟต์แวร์ เทคนิคในการเขียนรายงานและนำเสนองาน กฎการเป็นเพื่อนกับผู้ร่วมงาน,"Principles, concepts and processes of cooperative education. Relevant rules and regulations. Recruitment process. Organizational structures. Job titles and job descriptions. Employment sources. Job application techniques. Resume and cover letter preparation. Job interviews. Personality development. Etiquette in workplace. Ethics and related laws. Teamwork. Software development team roles and responsibilities. Techniques for writing reports and presentations."
517493,การศึกษาหัวข้อวิจัยทางวิทยาการคอมพิวเตอร์ที่ได้รับการอนุมัติจากภาควิชา การจัดเตรียมโครงร่างงานวิจัย และนำเสนอ,Study of the computer science topics approved by the department. Research proposal preparation and presentation.
517494,การวิจัยในหัวข้อวิจัยที่ได้เสนอในวิชา 517 493 โครงงานวิจัย 1 เขียนรายงาน และนำเสนอผลงานวิจัย,Research on topics proposed in 517 493 Research Project I. Report writing and research presentation.
517496,ปฏิบัติงานฐานะพนักงานชั่วคราวในสถานประกอบการเป็นเวลาไม่น้อยกว่า 16 สัปดาห์ เพื่อให้ได้ประสบการณ์จากการปฏิบัติงานที่ได้รับมอบหมายเกี่ยวกับสาขาวิทยาการคอมพิวเตอร์ ภายใต้การควบคุมของผู้ชำนาญการในสถานประกอบการ และอาจารย์นิเทศ การจัดทำรายงานสหกิจ และนำเสนอผลงาน,Practical training as a temporary employee at an establishment for at least 16 weeks for gaining working experiences related to computer science by consent of an expert in the institute and a department counsellor. Cooperative education report and presentation.
517497,การเขียนรายงานการปฏิบัติงานสหกิจศึกษา นำเสนอแนวทางการประยุกต์ความรู้จากการปฏิบัติงานสหกิจศึกษา การเข้าร่วมสัมมนาและนำเสนอผลงานจากโครงงานสหกิจศึกษา,Cooperative education performance report. Cooperative education knowledge application and presentation. Attending seminars and presentations from the cooperative education project.
520231,วงจรการวิเคราะห์ข้อมูล การเตรียมข้อมูล การกรองข้อมูล การสำรวจข้อมูล แผนภาพและกราฟทางสถิติ การวิเคราะห์ข้อมูลขั้นพื้นฐานและการวิเคราะห์ข้อมูลขั้นสูง วิธีการเรียนรู้แบบมีผู้สอน การจำแนก วิธีการเรียนรู้แบบไม่มีผู้สอน การวิเคราะห์การจัดกลุ่ม การประเมินประสิทธิภาพของตัวแบบ แนวความคิดข้อมูลขนาดใหญ่และการประมวลผลข้อมูลขนาดใหญ่,Data analytics lifecycle. Data preprocessing. Data filtering. Data exploration. Statistical plots and graphs. Basic and advanced data analytic methods. Supervised learning methods. Classification. Unsupervised learning methods. Cluster analysis. Performance evaluation of model. Big data concepts and big data processing.
520251,หลักการพื้นฐานของการปฏิสัมพันธ์ระหว่างมนุษย์กับคอมพิวเตอร์ ความสามารถและพฤติกรรมมนุษย์ แบบจำลองของการปฏิสัมพันธ์ระหว่างมนุษย์กับคอมพิวเตอร์ รูปแบบของส่วนต่อประสาน เครื่องมือและเทคนิคสำหรับส่วนต่อประสานผู้ใช้ กระบวนการคิดเชิงออกแบบ เทคนิคการออกแบบประสบการณ์ผู้ใช้ หลักการออกแบบโดยอาศัยผู้ใช้เป็นศูนย์กลาง ปัจจัยมนุษย์ หลักการและข้อควรปฏิบัติในการออกแบบ วิธีการทำต้นแบบ เทคนิคการประเมิน และการทำซ้ำเพื่อแก้ปัญหาของความต้องการใช้งาน และทดสอบความยากง่ายในการใช้งาน,Fundamental principles of human computer interaction (HCI). Human ability and behavior; HCI model; Type of interfaces; Tools and techniques for user interface (UI). Design thinking; User experience (UX) design techniques; Principles of user-centered design; human factors; design principles and guidelines; prototyping methods; Evaluation techniques; Iterative prototyping of interfaces to address user’s needs; Usability testing.
520311,กฎหมายว่าด้วยสิทธิในการแสดงความคิดเห็นอย่างเสรี การสื่อสาร การเผยแพร่สารสนเทศ และ การคุ้มครองข้อมูลส่วนบุคคล กฎหมายเกี่ยวกับสารสนเทศและเทคโนโลยีสารสนเทศ ความรู้พื้นฐานเกี่ยวกับจริยธรรมในการใช้สารสนเทศและเทคโนโลยีสารสนเทศ,"Issues of laws related to the rights on freedom of opinion expression, communication, information distribution, and personal data protection. Laws related to information and information technology. Basic knowledge of ethics in information and information technology usage."
520361,วงจรการพัฒนาระบบ เครื่องมือพื้นฐานในการวิเคราะห์ระบบงาน การพัฒนาระบบงานในรูปแบบอื่น การออกแบบระบบงานคอมพิวเตอร์เชิงกายภาพ ลักษณะพิเศษที่ใช้ในการออกแบบ การวางแผนและการควบคุมโครงงาน กรณีศึกษา,System development cycle. Basic tools in system analysis. Alternative system development. Physical design of computer systems. Special design features. Project planning and control. Case studies.
511113,เมทริกซ์และการแก้ระบบสมการเชิงเส้น สมบัติทางพีชคณิตและเรขาคณิตของเวกเตอร์ อนุพันธ์และการประยุกต์ ปริพันธ์และการประยุกต์ อนุกรมเทย์เลอร์และอนุกรมแมคคลอริน สมการเชิงอนุพันธ์อันดับหนึ่งแบบแยกตัวแปรได้และการประยุกต์,Matrices and solving systems of linear equations. Algebraic and geometric properties of vectors. Derivatives and applications. Integrals and applications. Taylor series and Maclaurin series. First order separable differential equations and applications.
515105,ความหมายและประเภทของสถิติ การเก็บรวบรวมข้อมูล ข้อมูลและระดับการวัด สถิติพรรณนา การนำเสนอข้อมูล ความน่าจะเป็น ตัวแปรสุ่ม การแจกแจงความน่าจะเป็นของตัวแปรสุ่มที่สำคัญ  เช่น การแจกแจงทวินาม การแจกแจงปัวซง การแจกแจงปรกติ และ การแจกแจงแจงแบบเลขชี้กำลัง การแจกแจงค่าตัวอย่าง การประมาณค่าพารามิเตอร์และช่วงความเชื่อมั่น การทดสอบสมมติฐาน สถิติที่ไม่ใช้พารามิเตอร์  การถดถอยอย่างง่ายและสหสัมพันธ์ การวิเคราะห์ความแปรปรวน การประยุกต์สถิติเพื่อใช้ประมวลผลข้อมูลด้านวิทยาศาสตร์ ธุรกิจ และเทคโนโลยีสารสนเทศ การใช้ภาษาโปรแกรมในการวิเคราะห์และแปลผล,"Definition and types of statistics. Data collection. Data and level of measurements. Descriptive statistics. Data representation. Probability.  Random variable. Some crucial probability distributions of random variables: binomial distribution, poisson distribution, normal distribution and exponential distribution.  Sampling distribution.  Parameter estimation and confidence intervals. Hypothesis testing. Nonparametric statistics. Simple regression and correlation. Analysis of variance. Application of statistics for data processing in science, business, and information technology. Utilization of programming language for analysis and interpretation."
520101,ภาพรวมของศาสตร์ทางคอมพิวเตอร์และเทคโนโลยีสารสนเทศ วิวัฒนาการของเทคโนโลยีสารสนเทศ แนวคิดพื้นฐานสำหรับการสร้างโปรแกรม เทคโนโลยีฐานข้อมูล การสื่อสารข้อมูล ประเด็นทางด้านจริยธรรม ผลกระทบของคอมพิวเตอร์และระบบสารสนเทศต่อสังคม การทำงานร่วมกันเป็นทีม และโดเมนแอปพลิเคชัน,Overview of computer science and information technology. Information technology revolution. Basic concepts for programming. Database technology. Data communication. Ethical issues. Social impact of computer and information system. Team collaboration tools and application domains.
520111,คณิตศาสตร์และทฤษฎีความน่าจะเป็นเบื้องต้น  คอมบินาทอริกส์  ฟังก์ชันก่อกำเนิดและความสัมพันธ์เวียนเกิด  กราฟและการประยุกต์   ทฤษฎีรูปต้นไม้และข่ายงาน,Introduction to mathematics and probability theories. Combinatorics. Generating functions and recurrence relations. Graphs and applications. Theory of trees and networks.
520112,ความสำคัญของเว็บเทคโนโลยี หลักการเบื้องต้นของเว็บเทคโนยี สถาปัตยกรรมของเว็บ โครงสร้างของเว็บ  การสร้างเว็บไซต์ด้วยภาษาเอชทีเอ็มแอล เอชทีเอ็มแอลอิลิเมนท์ และเอชทีเอ็มแอลแอตทริบิวท์ ซีเอสเอส และสื่อประสมบนเว็บ การสร้างเว็บที่ทุกคนเข้าถึงได้ การสร้างเว็บแบบตอบสนอง,"Importance of  web technology.  Basic principles of web technology. Web architecture and structure. Website development using HTML, HTML elements, and HTML attributes. CSS and Web multimedia. Website accessibility. Responsive web design."
520213,แนวคิดและหลักการพื้นฐานของการแทนข้อมูล ตัวดำเนินการ และขั้นตอนวิธีสำหรับโครงสร้างแบบเชิงเส้น ระดับชั้น และข่ายงาน ประกอบด้วย ลิสต์ กองซ้อน คิว คิวสองหน้า รูปต้นไม้ และกราฟ การวัดประสิทธิภาพของขั้นตอนวิธีของการเรียงลำดับและการค้นหาข้อมูล การประยุกต์การใช้โครงสร้างข้อมูลและขั้นตอนวิธีต่าง ๆ ในการพัฒนาโปรแกรมประยุกต์เพื่อแก้ไขปัญหาซึ่งมีลักษณะที่หลากหลาย,"Basic concepts and principles of representations, operators, and algorithms in linear, hierarchical and network structures including: list, stack, queue, double-ended queue, tree, and graph. The measurement of efficiency of sorting and searching algorithms. Implementations of data structures and algorithms on application program developments for solving various problems."
520214,สถาปัตยกรรมและโครงสร้าง ระบบปฏิบัติการและลีนุกซ์คอมมาน แนวคิดการจัดเก็บเวอร์ชัน หลักการพื้นฐานของระบบควบคุมรุ่นแบบกระจายสมัยใหม่ การใช้งานระบบควบคุมรุ่นแบบกระจาย การปรับแก้ขณะใช้งานระบบควบคุมรุ่นแบบกระจาย แนวคิดของสาขา การจัดการสาขาเบื้องต้น แนวคิดของคอนเทนเนอร์ การจัดการคอนเทนเนอร์แบบคอมมานไลน์ และการจัดการคอนเทนเนอร์ด้วยส่วนต่อประสานกราฟิกกับผู้ใช้,Computer architecture and structure. Operating system and Linux command. Version control concepts. Basic principles of modern distributed version control. Practical distributed version control. Editing while using distributed version control. Branch concept. Basic branch management. Container concept. Command line container management and container management with a graphical user interface.
520221,แนวคิดพื้นฐานและสถาปัตยกรรมของระบบฐานข้อมูล แบบจำลองข้อมูลเชิงแนวคิด การออกแบบฐานข้อมูลและการทำให้เกิดผล ระบบการจัดการฐานข้อมูล บูรณภาพของข้อมูล การจัดการรายการเปลี่ยนแปลงเบื้องต้น ภาษาในการจัดการข้อมูลและภาษาอธิบายความสัมพันธ์ และฐานข้อมูลเชิงสัมพันธ์เชิงไม่สัมพันธ์เบื้องต้น ความปลอดภัยของฐานข้อมูล กรณีศึกษา,Fundamental concepts and architecture of database systems. Conceptual data models. Database design and implementation. Database management system. Data integrity. Introduction to transaction management. Data manipulation languages and relational algebra practice. Introduction to NoSQL. Database security. Case studies.
520222,กรอบความคิดการเขียนโปรแกรมเชิงวัตถุเบื้องต้น  การกำหนดสาระสำคัญของข้อมูลเชิงวัตถุ  การแทนค่าและการส่งข่าวสาร การห่อหุ้ม  การทำพหุรูปและการสืบทอดคุณสมบัติ  การวิเคราะห์และการออกแบบเชิงวัตถุ  รูปแบบการออกแบบ  โปรแกรมควบคุมแบบจำลองทรรศนะ  โพรโทคอล การสะท้อน การยึดเหนี่ยวแบบพลวัต  การโปรแกรมเชิงคุณสมบัติ,Introduction to object-oriented programming paradigm. Object-oriented data abstraction. Representation and message communication. Encapsulation. Polymorphism and inheritance. Object-oriented analysis and design. Design patterns. Model-view-controller. Protocols. Reflections. Dynamic bindings. Aspect-oriented programming.
520223,การใช้ภาษาเอสคิวแอลในการสร้างฐานข้อมูล ตารางฐานแบบง่ายและแบบมีความเชื่อมโยงรวมถึงการมีเงื่อนไข  คำสั่งเอสคิวแอลขั้นพื้นฐานในการเขียนนิพจน์ การเพิ่ม ลบ  แก้ไข การเรียกดูข้อมูล การเรียงลำดับข้อมูล การคัดเลือกข้อมูลโดยการใช้การดำเนินการด้านการคำนวณทางคณิตศาสตร์ ด้านการเปรียบเทียบ และด้านตรรกศาสตร์ โดยการใช้ฟังก์ชันพื้นฐานและฟังก์ชันการรวมกลุ่มข้อมูล การดำเนินการของเซต การเรียกดูข้อมูลจากหลายตาราง คำสั่งในการควบคุมการทำงานเบื้องต้นเพื่อความปลอดภัยของฐานข้อมูล,"Writing SQL (Structure Query Language) command to create a database.  Creating a simple base table and reference with constraints. Basic SQL commands to write expressions.  Manipulate data: add, delete, modify, browse and sorting data. Selection of data by using mathematical operations, comparison, and logic using basic functions and aggregate functions. Set operations. Retrieving data from multiple tables. Writing commands to control the basic operations for database security."
520232,ภาพรวมของการเล่าเรื่องด้วยภาพ เทคนิคในการเล่าเรื่อง เทคนิคการสร้างสรรค์แนวความคิด หลักการของการแสดงข้อมูลด้วยแผนภาพ การรับรู้สีและภาพกราฟิกของมนุษย์ การแสดงข้อมูลด้วยแผนภาพจากข้อมูลและสารสนเทศ การออกแบบเพื่อการนำเสนอข้อมูลที่เหมาะสม การใช้เทคนิคการสร้างภาพเพื่อทำความเข้าใจและวิเคราะห์ข้อมูลได้อย่างมีประสิทธิภาพ เครื่องมือที่ใช้แสดงข้อมูลด้วยแผนภาพ,Overview of visual storytelling. Storytelling techniques. Ideation techniques. Principles of data visualization. Human perception to graphics and color. Data and information visualization. Appropriate designs for data presentation. Visualization techniques for enhancing comprehension and analysis of information. Data visualization tools.
520241,แนวคิดและหลักการพื้นฐานของเครือข่ายคอมพิวเตอร์ มาตรฐานระบบเปิด แบบจำลองอ้างอิงโอเอสไอ สื่อนำสัญญาณและอุปกรณ์ สถาปัตยกรรมเครือข่ายและโพรโทคอล โพรโทคอลทีซีพี/ไอพีและเครือข่ายอินเทอร์เน็ต พื้นฐานเกี่ยวกับการกำหนดที่อยู่ การแบ่งเครือข่ายย่อย การอ้างชื่อและการจัดเส้นทางในเครือข่ายโปรแกรม ประยุกต์ด้านเครือข่ายและบริการบนเครือข่ายอินเทอร์เน็ต ความมั่นคงปลอดภัยของเครือข่ายคอมพิวเตอร์เบื้องต้น แนวโน้มในการประยุกต์ทางด้านเทคโนโลยีเครือข่ายคอมพิวเตอร์,"Basic concepts and principles of computer network. Open system standards. OSI reference model. Transmission media and devices. Computer network architectures and protocols. TCP/IP protocol and the Internet. Basics of addressing, subnetting, naming, and routing. Network applications and Internet services. Basic of computer network security. Application trends in computer network technology."
520242,แนวคิดเกี่ยวกับความปลอดภัยของสารสนเทศ ภัยคุกคาม ช่องโหว่ และการโจมตี นโยบายความปลอดภัยของระบบสารสนเทศ การวิเคราะห์การคุกคาม เทคโนโลยีและกลไกสำหรับการรักษาความปลอดภัยของสารสนเทศ การจัดการความปลอดภัยของสารสนเทศ,"Concepts of Information security. Threat, vulnerabilities, and attack. Information security policies. Threat analysis. Technology and mechanisms for information security. Information security management."
520321,การบริหารจัดการข้อมูล ฐานข้อมูล และระบบ การออกแบบและการสร้างฐานข้อมูล  การปรับแต่งประสิทธิภาพฐานข้อมูล บูรณภาพของข้อมูลและความปลอดภัยของฐานข้อมูล การสำรองข้อมูลและการกู้คืน การจัดการข้อมูลและหน่วยเก็บข้อมูล การจัดการทรานแซกชั่นและการควบคุมภาวะพร้อมกัน,"Data, database, and system administration. Database design and creation. Database performance tuning. Data integrity and database security. Database backup and recovery. Data and storage management. Transaction management and concurrency control."
520322,ระบบสารสนเทศในงานธุรกิจ แนวคิดการวางแผนทรัพยากรองค์กร การจัดการทรัพยากรองค์กร ทรัพยากรบุคคล การเงิน การบัญชี การผลิต และการตลาด พาณิชย์อิเล็กทรอนิกส์  การจัดการห่วงโซ่อุปทาน ระบบสารสนเทศเพื่อการดำเนินการและการจัดการ การสนับสนุนการตัดสินใจ เทคโนโลยีสารสนเทศระหว่างองค์กร,"Information systems for business. Enterprise resource planning (ERP) concepts. Enterprise resource management: human resource, financial, accounting, production, and marketing. E-commerce. Supply-chain management. Information system for operation and management. Decision support. Information technology between organizations."
520331,แนวคิดปัญญาประดิษฐ์เบื้องต้น การแก้ปัญหาโดยใช้การค้นหาในปริภูมิสถานะ ประเภทของการเรียนรู้ของเครื่อง กระบวนการพัฒนาโมเดลด้วยการเรียนรู้ของเครื่อง วิศวกรรมคุณลักษณะสำหรับปัญญาประดิษฐ์และการเรียนรู้ของเครื่อง ขั้นตอนวิธีแบบแบบแพร่กลับและการเคลื่อนลงตามความชันอย่างสุ่ม การปรับอัตราการเรียนรู้ การนำโมเดลไปใช้ การทำเรกูลาร์ไรเซชัน การเรียนรู้เชิงลึก การเลือกใช้ฟังก์ชันการสูญเสีย การวิเคราะห์ประสิทธิภาพโมเดลด้วยเส้นโค้งการเรียนรู้ การถ่ายโอนความรู้ของโมเดล การประยุกต์ในด้านต่าง ๆ ระบบแนะนำ การประมวลผลภาษาธรรมชาติ การเล่นเกม,"Introduction to artificial intelligence. The state space search in AI. Types of machine learning. Machine learning model development process. Feature engineering for artificial intelligence and machine learning. Back-propagation algorithm and stochastic gradient descent. The effects of the learning rate on model performance. Model deployment. Regularization. Deep learning. Selection of the loss function. Diagnose machine learning model performance with learning curves. Transfer learning. Applications in fields: natural language processing. Recommendation system, and Game play."
520341,การเขียนโปรแกรมเว็บฝั่งไคลเอนต์ด้วยจาวาสคริปต์พื้นฐาน การเขียนจาวาสคริปต์เพื่อทำงานกับฟอร์ม ดอม เหตุการณ์ คุกกี้ การใช้ข้อมูล JSON จาวาสคริปต์ภายนอก เอแจ๊ก และเจคิวรี การจัดการฟอร์มขั้นสูง ไคลเอนต์เอพีไอ การเขียนโปรแกรมฝั่งเว็บไคลเอนต์ด้วยจาวาสคริปต์เฟรมเวิร์กซิงโครนัส,"Client-side web programming with basic javascript. Writing Javascript to work with Form Dom. Events. Cookies. Using JSON data, external Javascript, Ajex, and Jquery. Advanced form management. API client. Web client-side programming with the synchronous JavaScript framework."
520342,การเขียนโปรแกรมแบบเว็บฝั่งเซิรฟ์เวอร์ เซิร์ฟเวอร์ไซด์เทคโนโลยี เอชทีทีพีโพรโทคอล การร้องขอและการตอบสนองเอชทีทีพี การส่ง/รับพารามิเตอร์ ส่วนหัวของเอชทีทีพี เอฟทีพีโพรโทคอล เว็บซ็อกเก็ต ภาษาสคริปต์สำหรับฝั่งเซิร์ฟเวอร์ การเชื่อมโยงกับไคลเอนต์ การจัดการคุกกี้เซสชัน การเชื่อมต่อกับฐานข้อมูล การรักษาความปลอดภัยบนเว็บการออกแบบด้วยโมเดลวิวคอนโทรลเลอร์ การเขียนโปรแกรมฝั่งเว็บเซิร์ฟเวอร์ด้วยเฟรมเวิร์ก เทคโนโลยีฝั่งเซิร์ฟเวอร์แบบอะซิงโครนัส การติดตั้ง ทดสอบ และใช้งาน,"Server-side web programming. Server-side technology. HTTP Protocol. HTTP Request and Response. Sending/receiving parameters. HTTP header. FTP protocol. Web socket. Scripting languages for the server-side. Associating with clients. Managing session cookies. Connecting to a database. Securing web designing with view controller models. Web server-side programming with the asynchronous server-side. Technology framework. Deployment, testing, and usage."
520343,หลักการพื้นฐานของเว็บเซอร์วิส และไมโครเซอร์วิส ยูอาร์แอล ยูอาร์ไอ ลักษณะของข้อมูลบนเว็บ สถาปัตยกรรมของเว็บเซอร์วิส การอธิบายบริการเว็บ บริการเว็บแบบโซ้ป บริการแบบเว็บเรส บริการเว็บแบบเรสฟูลเอพีไอ การจำลองเว็บเซอร์วิสและไมโครเซอร์วิส การรวมกันและการนำไปใช้งาน ความมั่นคงปลอดภัยของเว็บเซอร์วิส ช่องทางสื่อสาร การพิสูจน์ตัวตน สิทธิในการใช้งาน ช่องโหว่,Basic principles of web services and microservices. URL. URI. Format of data on the web. Web service architecture. Web service description language (WSDL). SOAP web service. REST web service. RESTful API web service. Web service and microservices simulation. Integration and deployment. Web service security. Communication channels. Authentication. Authority. Vulnerabilities.
520362,วิศวกรรมความต้องการ เทคนิคการออกแบบระบบ การออกแบบซอฟต์แวร์แบบธรรมดาและแบบเอไจล์ รูปแบบการออกแบบ ความเชื่อถือได้ของซอฟต์แวร์ การทวนสอบและการตรวจสอบความสมเหตุสมผล ความมั่นคงและภาวะความเป็นส่วนตัว การจัดทำเอกสารและการบำรุงรักษา การกำกับดูแลและการบริหารจัดการระบบ โครงงานกลุ่มย่อยในหัวข้อที่เกี่ยวข้อง,Requirement engineering. Techniques of system design. Conventional and Agile designs. Design patterns. Software reliability. Verification and validation. Security and privacy. Documentation and maintenance. System governance and management. Small group projects related to the topics.
520363,แนวคิดเกี่ยวกับซอฟต์แวร์วิสาหกิจ สถาปัตยกรรมซอฟต์แวร์วิสาหกิจ จุดแข็งและจุดอ่อนของสถาปัตยกรรมแต่ละแบบ รูปแบบของสถาปัตยกรรมและรูปแบบของการออกแบบ สารสนเทศสำหรับผู้บริหาร กรณีศึกษาของซอฟต์แวร์วิสาหกิจ กรณีศึกษาการใช้เทคนิคในการพัฒนาสถาปัตยกรรมซอฟต์แวร์วิสาหกิจ,Concepts of enterprise software. Enterprise software architectures. Strength and weakness of various architecture styles. Architecture patterns and design patterns. Executive information systems. Case studies of enterprise software. Case studies on enterprise software development techniques.
520364,ภาพรวมของโครงการ วัฏจักรของโครงการประเภทซอฟต์แวร์ การวิเคราะห์ความต้องการของผู้ใช้ การประเมินขอบเขตของโครงการ การวางแผนโครงการ หลักการของเอไจล์ เอไจล์กับการจัดการโครงงานแบบดั้งเดิม การวางแผนแบบสปรินท์ ระเบียบวิธีการแบบสกรัม สกรัมทีมและบทบาท การประเมินความเสี่ยงและการบริหารจัดการความเสี่ยงของโครงการ การบริหารจัดการเวลา การบริหารจัดการทีมในโครงการ การตรวจและควบคุมโครงการ ความคืบหน้าของโครงการ การปิดโครงการ กรณีศึกษา,"Project overview.  Software project lifecycle. Software requirement analysis. Project scope estimation. Project planning.  Agile principles.  Agile in traditional project management. Sprint planning, SCRUM methodology, SCRUM team and roles. Project risk assessment and project risk management. Time management. Project team management. Project monitoring and control. Project progress.  Project closure. Case studies."
520393,การออกแบบและการจัดการโครงงานวิจัย การเขียนรายงานวิชาการ การตรวจและอ้างอิงเอกสารวิชาการ การนำเสนอรายงานวิชาการ  การเตรียมข้อเสนอโครงงาน การนำเสนอหัวข้อโครงงาน การสาธิตต้นแบบ,Design and management of research projects. Technical report writing. Literature reviews and references. Technical report presentation. Preparation for a project proposal. Presentation of the project proposal. Prototype demonstration.
520394,หลักการ แนวคิด และกระบวนการของสหกิจศึกษา ระเบียบข้อบังคับที่เกี่ยวข้อง ความรู้พื้นฐานและเทคนิคในการสมัครงาน การเตรียมเรซูเม่และจดหมายสมัครงาน การสัมภาษณ์งาน การสื่อสารและมนุษยสัมพันธ์ ตำแหน่งงานและลักษณะของงาน ลักษณะของการทำงานเป็นทีม ลักษณะของทีมพัฒนาซอฟต์แวร์สมัยใหม่ การพัฒนาบุคลิกภาพ การสมัครงานและการตอบรับจากสถานประกอบการ,"Principles, concepts, and processes of cooperative education. Related rules and regulations. Basic knowledge and techniques in job application. Resume and cover letter preparation. Job interview. Communication and human relations. Job position and job description. Teamwork. Characteristics of modern software development teams. Personality development. Job applications and acceptance from the corporation."
520493,เทคนิคการหาหัวข้องานวิจัยทางเทคโนโลยีสารสนเทศที่ได้รับการอนุมัติจากภาควิชา การจัดเตรียมโครงร่างงานวิจัย และนำเสนอ,Techniques for finding research in the information technology topics approved by the department. Research proposal preparation and presentation.
520494,การวิจัยในหัวข้อที่ได้เสนอในวิชา 520 493 โครงงานวิจัย 1 เขียนรายงาน และนำเสนอผลงานวิจัย,Research on topics proposed in 520 493 Research Project I. Report writing and research presentation.
520496,การปฏิบัติงานอย่างต่อเนื่องเป็นเวลาไม่น้อยกว่า 16 สัปดาห์ในสถานประกอบการในลักษณะพนักงานชั่วคราวเพื่อให้ได้ประสบการณ์จากการไปปฏิบัติงานที่ได้รับมอบหมายที่เกี่ยวกับสาขาเทคโนโลยีสารสนเทศ การจัดทำรายงานสหกิจ และการนำเสนอ,On-the-job training continuously for at least 16 weeks as a temporary employee in the workplace in order to obtain experience from job assignment related to information technology. Cooperative education report and presentation.
520497,การเขียนรายงานการปฏิบัติงานสหกิจศึกษา นำเสนอแนวทางการประยุกต์ความรู้จากการปฏิบัติงานสหกิจศึกษา การเข้าร่วมสัมมนาและนำเสนอผลงานจากโครงงานสหกิจศึกษา,Cooperative education performance report. Cooperative education knowledge application and presentation. Attending seminars and presentations from the cooperative education project.
522151,ภาพรวมของวิทยาการข้อมูล ความรู้เบื้องต้นเกี่ยวกับวิทยาการข้อมูล กระบวนการและกรอบงานของวิทยาการข้อมูล ความสำคัญของวิทยาการข้อมูล สำคัญของการเก็บรวบรวมข้อมูล ชนิดของข้อมูล เครื่องมือที่ใช้ในการรวบรวมข้อมูล แนวคิดและเทคนิคพื้นฐานสำหรับการจำแนกประเภทและการทำนายข้อมูล การวัดประสิทธิภาพการจำแนกประเภทและการทำนายข้อมูล  การจินตทัศน์ข้อมูล เทคนิคและเครื่องมือสำหรับการจินตทัศน์ข้อมูลเพื่อความเข้าใจ และตีความหมาย แนวคิดและเทคนิคพื้นฐานสำหรับการวิเคราะห์ข้อมูล แนวโน้มปัจจุบันทางด้านวิทยาการข้อมูล กรณีศึกษา,Overview of data science. Introduction to data science. Data science process and framework. Importance of data science. Importance of data collection. Data types. Tools for data collection Concept and fundamental techniques for data classification and prediction. Performance measurement for classification and prediction. Data Visualization. Techniques and tools of data visualization for understanding and interpretation. Concept and fundamental techniques for data analytics. Current trends of data science. Case studies.
522201,การสื่อสารภาษาอังกฤษเพื่ออธิบายผลการวิเคราะห์ข้อมูลและการนำเสนอข้อมูล การฝึกผนทักษะการอ่านภาษาอังกฤษเพื่อทำความเข้าใจบทความวิจัยหรือบทความวิชาการที่เกี่ยวข้องกับวิทยาการข้อมูล ทักษะการเขียนเพื่อสรุปใจความสำคัญและการเขียนรายงานทางวิทยาศาสตร์,English communication to explain results of data analysis and data representation. Practices of English reading comprehension skills in research and academic articles relating to data science. English writing skills in summarizing and writing scientific reports.
522211,ผลเฉลยเชิงตัวเลขของสมการเชิงเส้นและสมการไม่เป็นเชิงเส้น การคำนวณเชิงตัวเลขสำหรับค่าลักษณะเฉพาะและค่าเอกฐาน วิธีการกำลังสองน้อยสุด เทคนิคการหาค่าเหมาะสมที่สุดเชิงตัวเลข,Numerical solutions of linear and non-linear equations. Numerical computation for eigenvalue and singular values. Least-squares method. Numerical optimization techniques.
522242,หลักการและแนวคิดของธุรกิจดิจิทัล ระบบนิเวศดิจิทัล ตัวแบบธุรกิจดิจิทัล ความปลอดภัยในการทำธุรกรรมดิจิทัล นโยบายของรัฐและกฎหมายที่เกี่ยวข้อง แนวโน้มอนาคตของธุรกิจดิจิทัล กรณีศึกษาเกี่ยวกับหัวข้อธุรกิจดิจิทัล หลักการและแนวคิดของการตลาดดิจิทัล การวิเคราะห์สถานการณ์ตลาด การกำหนดกลยุทธ์การตลาด การวางแผนจัดจำหน่ายผลิตภัณฑ์ ช่องทางการจัดจำหน่ายและการกระจายสินค้า การกำหนดราคาและนโยบาย การส่งเสริมการตลาดและการตลาดระหว่างประเทศ รวมไปถึงแนวโน้มการใช้เทคโนโลยีดิจิทัลในการตลาด กรณีศึกษาเกี่ยวกับหัวข้อการตลาดดิจิทัล,Principles and concepts of digital business. Digital ecosystem. Digital business models. Security in digital transaction processing. Government policies and laws on digital business. Future trends in digital business. Case studies on the topic of digital business. Principles and concepts of digital marketing. Analysis of market. Strategic planning. Trading plan. Product selling and distribution channels. Pricing and policy. International marketing and promotion including trends of digital technology usage in marketing. Case studies on topic of digital marketing.
522251,แนวคิดพื้นฐานและสถาปัตยกรรมของระบบฐานข้อมูล แบบจำลองข้อมูลเชิงแนวคิด พีชคณิตเชิงสัมพันธ์ การออกแบบฐานข้อมูลเชิงสัมพันธ์และการทำให้เกิดผล ระบบการจัดการฐานข้อมูล บูรณภาพของข้อมูล ภาษาเอสคิวแอลเพื่อสร้าง แก้ไข ลบ และค้นหาข้อมูลจากตาราง และฐานข้อมูล การเชื่อมความสัมพันธ์ข้อมูลหลายตาราง ความปลอดภัยของฐานข้อมูล การวิเคราะห์ข้อมูลด้วยเอสคิวแอลเพื่อการตัดสินใจ การค้นคืนข้อมูลและการแก้ปัญหาโจทย์ด้านธุรกิจ กรณีศึกษา,Fundamental concepts and architectures of database systems. Conceptual data models. Relational algebra. Relational database design and implementation. Database management system. Data integrity. SQL for creating updating deleting and querying data from table and database. Joining multiple tables. Database security. Data analytics by SQL for decision making querying and solving the business problem. Case studies.
522253,ระบบการจัดเก็บข้อมูล ประเภทของข้อมูล การรวบรวมข้อมูล การดึงข้อมูลด้วยวิธีการทางสถิติ การวางแผนการทดลอง เทคนิคการเลือกตัวอย่าง เครื่องมือที่ใช้ในการสกัดข้อมูล การจัดระบบ การจัดรวม การจัดการข้อมูลและการบูรณาการข้อมูล ขั้นตอนพื้นฐานและการสกัดคุณลักษณะของข้อมูลด้วยการใช้งานไลบรารี่มาตรฐานสำหรับการประมวลผลข้อความ การประมวลผลภาพ และการประมวลผลสัญญาณเสียง,Data storage systems. Data Types. Data gathering. Data collecting using statistical methods. Experimental designs. Sampling techniques. Tools for data extraction. Organizing merging manipulating data and integrating data. Fundamental process and feature extraction of data with standard library of text processing image processing and signal processing.
522254,นิยามและความหมายของข้อมูลขนาดใหญ่ ตัวอย่างของปัญหาจากข้อมูลขนาดใหญ่ ต้นกำเนิดของข้อมูล การเพิ่มปริมาณข้อมูล เครื่องมือในการจัดเก็บและจัดการข้อมูลขนาดใหญ่ สถาปัตยกรรมในการจัดเก็บข้อมูลขนาดใหญ่ การประมวลผลข้อมูลขนาดใหญ่ ความปลอดภัยข้อมูล การประยุกต์ใช้คณิตศาสตร์ สถิติ และวิทยาการคอมพิวเตอร์สำหรับประมวลผลข้อมูลขนาดใหญ่,Definition and meaning of big data. Examples of big data problems. Data sources. Data scalability. Tools for storing and managing big data. Big data storage architecture. Big data processing. Data security. Applications of mathematics statistics and computer science in big data analysis.
522301,ความเป็นส่วนตัวของข้อมูล การปกป้องข้อมูล ความเป็นส่วนตัวของข้อมูลบนสื่อสังคม ประเด็นกฎหมายว่าด้วยสิทธิในการแสดงความคิดเห็นอย่างเสรี การสื่อสาร และการเผยแพร่ข้อมูล กฎหมายเกี่ยวกับข้อมูลและเทคโนโลยีสารสนเทศ ความรู้พื้นฐานเกี่ยวกับจริยธรรมการใช้ข้อมูล และเทคโนโลยีสารสนเทศ,Data privacy. Data protection. Data privacy on social media. Issues of laws related to the rights on freedom of opinion expression communication and information distribution. Laws related to data and information technology. Basic knowledge of ethics in data and information technology usage.
522322,การวิเคราะห์อนุกรมเวลา เทคนิคการปรับให้เรียบ เทคนิคการถดถอย เทคนิคบอกซ์-เจนกินส์  การวิเคราะห์อนุกรมเวลาหลายตัวแปร อนุกรมเวลาไม่ใช่เชิงเส้น,Time series analysis. Smoothing techniques. Regression techniques. Box-Jenkins techniques. Multivariate time series analysis. Nonlinear time series.
522351,แนวคิดการวิเคราะห์ข้อมูลเชิงสำรวจ การแสดงข้อมูลด้วยภาพ วิธีการทางกราฟฟิก การวิเคราะห์ส่วนเหลือ การชี้จุดค่านอกกลุ่ม การจำแนกกลุ่ม การตรวจสอบการแจกแจงและข้อสมมติ การค้นหารูปแบบ การตรวจสอบความสัมพันธ์ การแปลงข้อมูล กระบวนการที่มีความแกร่ง โครงข่าย ต้นไม้ วิธีการทางกราฟฟิกสำหรับข้อมูลขนาดใหญ่,Concepts of exploratory data analysis. Data visualization. Graphical methods. Residual analysis. Spotting outliers. Discriminating clusters. Checking distributions and assumptions. Pattern discovery. Relationship examination. Data transformation. Robust procedures. Networks. Trees. Graphical methods for big data.
522356,แนวคิด หลักการ และอัลกอริทึมที่เกี่ยวกับการวิเคราะห์ข้อมูลและการทำเหมืองข้อมูล เทคนิคการวิเคราะห์และการประมวลผลข้อมูลขั้นสูง ซึ่งประกอบไปด้วย การทำความสะอาดข้อมูล การบูรณาการข้อมูล การแปลงข้อมูล การลดทอนข้อมูล และการนำเสนอข้อมูลด้วยจินตทัศน์ การวิเคราะห์เชิงพรรณนา การวินิจฉัย การคาดการณ์และการกำหนดล่วงหน้าจากฐานข้อมูลและข้อมูลขนาดใหญ่ด้วยวิธีทางสถิติและการเรียนรู้ของเครื่องกลเพื่อช่วยในการตัดสินใจทางธุรกิจ การประยุกต์ใช้งานของการวิเคราะห์ข้อมูลและการทำเหมืองข้อมูล,Concepts principles and algorithms in data analytics and mining. Advanced data analytics and preprocessing techniques: data cleaning data integration data transformation data reduction and data visualization. Descriptive diagnostic predictive and prescriptive analytics from large database and big data by statistical and machine learning techniques to aid business decisions. Data analytics and data mining applications.
522361,ปัญหาการเรียนรู้  องค์ประกอบและชนิดของการเรียนรู้ของเครื่อง การเรียนรู้ของเครื่องแบบมีผู้สอน หลักการและวิธีการทางสถิติสำหรับการเรียนรู้ของเครื่องแบบมีผู้สอน การถดถอยและเรกูลาร์ไรเซชัน  การประเมินตัวแบบ การเกินความเหมาะสม การจำแนกเชิงเส้น ต้นไม้ตัดสินใจ เค-เนียร์เรสต์เนเบอร์ นาอีฟเบย์  ซัพพอร์ตเวกเตอร์แมชชีน  โครงข่ายประสาทเทียม  การประยุกต์กับปัญหาการเรียนรู้ของเครื่องแบบมีผู้สอน ตัวอย่างการแก้ปัญหาโดยใช้ปัญหาเป็นฐาน,Learning Problem. Elements and types of machine learning. Supervised machine learning. Principles and methods in statistics for supervised machine learning. Regression and regularization. Model evaluation. Overfitting. Linear discrimination. Decision tree. K-nearest neighbor. Naive Bayes. Support vector machines. Artificial neural network. Applications to supervised machine learning problems. Examples of problem solving with problem-based learning.
522362,ภาพรวมของการประมวลผลข้อความ การประมวลภาษาธรรมชาติ การประมวลผลภาพและการสังเคราะห์เสียง ขั้นตอนพื้นฐานของการประมวลผลข้อความ ภาษาธรรมชาติ ภาพและเสียง การสกัดคุณลักษณะของข้อมูลประเภทข้อความ ภาษาธรรมชาติ ภาพ เสียง ตัวอย่างการประมวลผลข้อมูลแต่ละประเภท,Overview for text processing natural language processing image processing and sound synthesizing.  Fundamental process of text processing natural language processing image processing and sound synthesizing. Feature extraction of text natural language image and sound.  Examples of data processing for each data type.
522363,การเรียนรู้ของเครื่องแบบไม่มีผู้สอน  หลักการและวิธีการทางสถิติสำหรับปัญหาการเรียนรู้ของเครื่องแบบไม่มีผู้สอน การวิเคราะห์สหสัมพันธ์คาโนนิคอล การลดมิติ การวิเคราะห์องค์ประกอบหลัก การวิเคราะห์ปัจจัย การวิเคราะห์แบ่งกลุ่ม การแบ่งกลุ่มแบบลำดับขั้น การแบ่งกลุ่มแบบแบน การประยุกต์กับปัญหาการเรียนรู้ของเครื่องแบบไม่มีผู้สอน ตัวอย่างการแก้ปัญหาโดยใช้ปัญหาเป็นฐาน,Unsupervised machine learning. Principles and methods in statistics for unsupervised machine learning. Canonical correlation analysis. Dimensionality reduction. Principal component analysis. Factor analysis. Cluster analysis. Hierarchical clustering. Flat clustering. Applications to unsupervised machine learning problems. Examples of problem solving with problem-based learning.
522365,แนวคิดปัญญาประดิษฐ์เบื้องต้น วิธีการแก้ปัญหาทางปัญญาประดิษฐ์ด้วยฮิวริสติกส์ การค้นหาในปริภูมิสถานะ และการวางแผนงาน การแทนความรู้ การแปลงข้อมูล การเรียนรู้ด้วยเครื่องเบื้องต้น ทฤษฎีโครงข่ายประสาทเทียมและการประยุกต์ใช้ โครงข่ายประสาทเทียมแบบแพร่กระจายย้อนกลับ โครงข่ายประสาทเทียมแบบหลายชั้น โครงข่ายประสาทแบบคอนโวลูชัน การเรียนรู้เชิงลึกและการคำนวณเชิงวิวัฒนาการ สถาปัตยกรรมแบบใหม่และการประยุกต์ใช้ของโครงข่ายประสาทเทียมและการเรียนรู้เชิงลึกสำหรับข้อมูลธุรกิจ,Introduction to artificial intelligence concepts. Problem solving methods by heuristics state-space searching and planning. Knowledge representations. Data transformation. Introduction to machine leaning. Artificial neural network theories and applications. Back-propagation artificial neural network. Multi-layer artificial neural network. Convolutional artificial neural network. Deep learning and evolutionary computation. Modern architectures and applications of neural networks and deep learning for business data.
522391,หลักการวิจัยทางด้านวิทยาการข้อมูล  ปัญหาการวิจัยและการวิเคราะห์ ขั้นตอนและการวางแผนการวิจัยเบื้องต้น การประเมินผลการศึกษาวิจัย วิธีรายงานการวิจัย การจัดทำเอกสารและการอ้างอิง การนำเสนอทางวิชาการ,Research principles in data science. Research problem and analysis. Introduction to research procedure and planning. Evaluation of research studies. Method of research reporting. Documentation and citation. Academic presentation.
522392,หลักการ แนวคิด และกระบวนการของสหกิจศึกษา ระเบียบข้อบังคับที่เกี่ยวข้อง ความรู้พื้นฐานและเทคนิคในการสมัครงานอาชีพ ความรู้พื้นฐานและเทคนิคในการปฏิบัติงาน การสื่อสารและมนุษยสัมพันธ์ การพัฒนาบุคลิกภาพ ระบบการบริหารคุณภาพในสถานประกอบการ เทคนิคการนำเสนอ การเขียนรายงาน,Principles concepts and processes of cooperative education. Related rules and regulations. Basic knowledge and techniques in job application. Basic knowledge and techniques in working. Communication and human relations. Personality development. Quality management system in workplace. Presentation techniques. Report writing.
522491,การค้นคว้าและศึกษาเอกสารงานวิจัยจากแหล่งต่าง ๆ ในหัวข้อทางวิทยาการข้อมูล การนำเสนอและอภิปรายผลจากการศึกษา,Researching and studying of research publications from various sources in data science topics. Presenting and discussing the study results.
522493,การกำหนดหัวข้อวิจัยจากประเด็นปัญหาที่น่าสนใจทางด้านวิทยาการข้อมูล   การออกแบบ วางแผนและดำเนินงานวิจัย การวิเคราะห์และการอภิปรายผลการวิจัย การเขียนรายงานโครงงานวิจัย การนำเสนอด้วยวาจาโดยใช้สื่อที่เหมาะสม,Setting a research topic from current issue of interest in data science. Designing planning and doing the research. Analyzing and discussing the research results. Writing research report. Oral presentation using appropriate media.
522496,นักศึกษาฝึกปฏิบัติงานจริงในสถานประกอบการ นักศึกษาต้องนำความรู้ด้านวิทยาการข้อมูลไปประยุกต์ใช้ในการทำโครงงานหรือมีส่วนร่วมในการพัฒนาเพื่อแก้ปัญหาของสถานประกอบการภายใต้การกำกับดูแลของผู้เชี่ยวชาญของสถานประกอบการและอาจารย์ที่ปรึกษาโครงงาน นักศึกษาต้องเขียนรายงานความก้าวหน้านำเสนอต่อคณะกรรมการโครงงาน,Students do the job training at a cooperative establishment. Students must use integrated knowledge in data science to solve a project in the assigned cooperative establishment under the supervision of mentoring staff and a project adviser. Students are expected to write a progress report and present the progress of the work to the project committee.
522497,การรวบรวมความรู้จากสหกิจศึกษามาจัดทำโครงงานวิจัยด้านวิทยาการข้อมูล โดยได้รับการอนุมัติจากคณะกรรมการภายใต้การแนะนำของอาจารย์ที่ปรึกษาในหลักสูตร จัดทำรายงานและการนำเสนอผลงานวิจัย,Collecting knowledge from cooperative education to implement research project in data science topic approved by a committee under the supervision of curriculum staff members. Research report and oral presentation.